,x,y,mass,size,ecc,signal,raw_mass,ep,frame,particle
0,6.229445348874705,141.29123068766023,3055.2647602296106,3.0904129938452356,0.08863550129380825,67.67327508063526,9108.0,0.0,1,0.0
1,8.161381360101178,164.14349224696255,4245.159714000622,3.2389426911528614,0.07785040494130419,81.12099258740236,9800.0,0.0,3,0.0
2,22.911400862644538,153.86345941062902,3298.6825483010853,3.165578867593135,0.09400751372213358,68.90804994690684,9028.0,0.0,5,0.0
3,18.80023479132507,166.20703500722954,3201.1032910235376,3.1436439909426097,0.06605558604886502,68.1978741122681,7365.0,0.0,1,1.0
4,5.046544257994579,183.1167147116603,3576.5573929299303,3.164469754009239,0.07342579456102737,73.37057928287346,11183.0,0.0,3,1.0
5,19.17301201651515,165.84701350731316,3060.9884883718673,3.3153661887831594,0.04227841120305624,53.03597102655189,8680.0,0.0,5,1.0
6,22.160139734581872,213.90996980245765,5126.038928310776,3.2539929883400136,0.02194457284625607,94.57958060058145,12328.0,0.0,9,1.0
7,13.081987391654815,200.87601168285826,4482.045956159519,3.2701186681371186,0.042703843558191255,82.16354990681839,9813.0,0.0,10,1.0
8,52.852208158819046,223.7586564913629,3917.0339050666785,3.135755526301836,0.019254314005312443,83.51556919893638,8715.0,0.0,11,1.0
9,56.85185252923742,214.15058455564707,4384.768898891798,3.1939699369068637,0.011738705260133993,88.22472633585106,10447.0,0.002076131512774639,12,1.0
10,57.19468292691951,212.94482075584327,4162.725663077167,3.174213669756654,0.009681227156779527,85.96232654779902,9871.0,0.0,13,1.0
11,57.1223650880543,212.7956194211157,3922.6113024946644,3.1630118144277075,0.011971411432135853,82.53934680913167,9133.0,0.0,14,1.0
12,45.270669191946844,162.04763999380566,4511.3547947864645,3.283422677569244,0.045963096766269106,79.97832680147803,9596.0,0.0,15,1.0
13,41.02601650719683,149.96221402423132,3740.0095996753053,3.2290548625489635,0.04750682251679138,72.91047160695841,8466.0,0.0,18,1.0
14,39.2604912350355,156.90378325678233,3883.012132192033,3.2641587806484633,0.044268596214245996,70.666263822527,8631.0,0.0,19,1.0
15,46.809789499469865,148.8824170993835,3398.2948550751817,3.276191293989513,0.03891304812468836,60.59639601088671,7953.0,0.0,20,1.0
16,40.07197718313774,220.02130691125788,4359.8504797712,3.384223085211618,0.039422858608057505,68.30215093282519,11123.0,0.0,22,1.0
17,32.413028247898744,312.99324268538095,3189.050192043103,3.195885174188306,0.14848156536967888,63.00887199902431,6531.0,0.009027048759191972,25,1.0
18,24.21924130199269,268.317600151353,3955.500832120418,3.2899992715869577,0.10655836528952843,69.96606460467319,10793.0,0.002460417086948438,28,1.0
19,15.220865317436719,192.85168263525668,4713.507033605301,3.2858092691438268,0.06912177504498705,83.57281974477485,11157.0,0.0016601373423377021,29,1.0
20,24.13962886980161,276.6986116038595,4781.703429383133,3.3487161230358446,0.028386819046386243,76.80135674810391,11963.0,0.0,30,1.0
21,21.165680019426805,278.69491791675597,4186.342053150712,3.3245428548733647,0.03381773534143524,69.28043546636019,11427.0,0.0,31,1.0
22,39.91116004321953,216.0045020866687,4043.182239037908,3.246304642086673,0.06991682424751597,76.71557266581875,9292.0,0.0,33,1.0
23,11.854474681911034,190.02936186196564,3616.5857240767405,3.4014152586139446,0.043290744943516535,59.27969057450996,11772.0,0.0,1,2.0
24,5.891681977517633,181.0539245273978,3261.1489517008604,3.2754296168476666,0.04929166093149333,58.792842884326056,11257.0,0.0,2,2.0
25,8.068017202995357,245.17292214877656,3761.5339237980197,3.243209304594231,0.06365377873878764,70.78710818136383,9890.0,0.0,3,2.0
26,9.02721306604436,243.98597853011248,3266.425021871806,3.1925953326972123,0.0862604967431049,65.91440627095572,9829.0,0.0019496006240071757,4,2.0
27,9.672025870590591,244.84875689586244,3509.8359205502643,3.142638593650572,0.06143198861069006,72.67036048557303,7950.0,0.0,6,2.0
28,51.746086700452345,259.8223037401932,3427.9649835187697,3.1639458091567176,0.07071780441516623,71.47949870274358,7468.0,0.0,9,2.0
29,53.15323350543182,253.2521582407916,4401.827105658779,3.2688764654827724,0.056249795636755154,78.76032594618094,9380.0,0.0,10,2.0
30,57.96531073772085,242.88188383969435,5005.298131928893,3.3235003568169987,0.0870966725728833,86.07739647497738,10638.0,0.0,11,2.0
31,59.23872525963647,235.9686263285611,5171.525870216211,3.320298984838643,0.044999171317728084,87.70575735740488,12574.0,0.001724934810984976,12,2.0
32,60.97968656734994,234.08951984288854,5298.502902589962,3.3515540001890662,0.03382763285971533,87.57412017057025,12339.0,0.0,13,2.0
33,61.150465445221464,233.17773678835033,5174.932426495283,3.305562090264328,0.0317174064137081,90.50866305277198,12458.0,0.0,14,2.0
34,58.012717970974386,212.7680100857291,3173.1607288194664,3.1411926197615756,0.038489151432716515,68.43506313940904,6857.0,0.0,15,2.0
35,4.828508638683423,295.7203844622893,5596.422469459047,3.1227541611222214,0.03797201043030148,119.08398018065274,16925.0,0.0,1,3.0
36,4.834026635898434,295.71812273002723,5583.201413006134,3.1222141552722196,0.03882705876788205,118.6450162710724,16901.0,0.0,2,3.0
37,4.824574594335771,295.70946990834864,5634.5504723925005,3.1199172328221634,0.03632047225845883,119.87305911004678,16900.0,0.0,3,3.0
38,4.835190482172017,295.7879416183197,5426.952782975355,3.1250525347425304,0.04257928949010562,116.134906286922,16793.0,0.0011411047434333067,4,3.0
39,84.28566955974762,296.8198669346787,3441.3696475113748,3.065544156525845,0.03916520902182403,80.78825087145606,6631.0,0.0,1,4.0
40,84.27264924582583,296.85879845076494,3458.7140904022444,3.0732756093301368,0.03322157841678565,80.50911818394198,6628.0,0.0,2,4.0
41,84.66854530741657,296.84030734708824,3436.0165650078065,3.0575679558288282,0.036632896446018845,80.60429836710043,6634.0,0.0,3,4.0
42,84.18288940306212,296.94702078310644,3103.208396819916,3.081906171626259,0.04213121779987322,72.71509898145116,5803.0,0.0033022079086841233,4,4.0
43,105.08890552019209,295.7535697555828,4414.740860004462,3.2600442310366975,0.1013530338169878,81.48119302725864,11218.0,0.0,8,4.0
44,104.14711019648,295.21328032558836,3916.553508188133,3.146525574603109,0.011099718939241044,83.68331555443152,8340.0,0.0,9,4.0
45,110.817952799559,285.8966281819952,3348.772377267249,3.1522073456271533,0.03171589599260914,71.46770317338641,7304.0,0.0,10,4.0
46,103.03367576754903,260.2311380698918,4557.06659973593,3.2363173735517363,0.05940702043191412,85.62988144362015,10244.0,0.0021172733054988895,12,4.0
47,83.83392059862956,260.04517640273855,4775.74450427116,3.26541792318722,0.05774487567124601,87.03685562964651,10579.0,0.0,13,4.0
48,100.22880981469514,258.0589918658118,4598.295472580453,3.233563001638554,0.045877898858804826,87.09324180549756,10131.0,0.0,14,4.0
49,63.22118907122305,232.14533274398403,5592.2989848559255,3.245468075618099,0.02502273180284677,105.12615120812835,12681.0,0.0,15,4.0
50,123.05801779819627,259.7454717904426,4291.752673766169,3.2242079635231775,0.06989412293610639,81.84741632001644,11101.0,0.0,16,4.0
51,105.18829343953321,296.9399833463222,3377.25720918048,3.2099220883063078,0.0055539916610007995,66.62938486555224,8208.0,0.0,17,4.0
52,110.08404721036011,297.9562857679981,4366.444467971825,3.2456112155044408,0.03999467211054393,82.954261063019,9955.0,0.0,18,4.0
53,112.15799315227261,297.21537417597443,3888.295591169418,3.262994599744502,0.025696103276102177,70.99648000861357,9418.0,0.0,19,4.0
54,20.9641080942976,395.2680904340551,4600.733507419933,3.128564102097799,0.05882825210714201,99.67381601023799,9930.0,0.0,1,5.0
55,20.841443284372158,395.20307943850185,4393.573258788149,3.1239995384658976,0.04889426534239128,96.39907572024632,9272.0,0.0,2,5.0
56,20.842007335150505,395.20162191290825,4425.485996885995,3.126072495470187,0.04864289220085221,97.13851341676205,9328.0,0.0,3,5.0
57,21.265474498003343,395.2270153542101,3989.91410022682,3.0591605635981898,0.028533550496010182,93.11717711293745,8395.0,0.0022826261096105093,4,5.0
58,11.067026174010179,380.1155828851674,5448.381432318914,3.2771314796156834,0.02268627473058498,98.32946453097942,11683.0,0.0,5,5.0
59,6.875679636930273,412.80370139957336,4049.904524205459,3.154054057053977,0.052090007970949474,84.46044409288587,10070.0,0.0,1,6.0
60,20.121956875737396,455.7683068979977,4249.293267763038,3.1872496468403675,0.021739180187712186,85.25454634981776,10501.0,0.0,3,6.0
61,8.917511548088328,425.80982197785625,3597.925000629821,3.1891036421184706,0.06219112806288768,72.27025404967344,8140.0,0.0,7,6.0
62,8.785710976342209,420.0190226596447,3834.1071616606114,3.314555542923036,0.039757554289207415,64.15841970650287,9294.0,0.0,8,6.0
63,19.713538603288427,414.0050192156728,4632.220196419261,3.348852032565498,0.05158963228996207,73.65875171197357,11322.0,0.0,9,6.0
64,10.069037225030005,407.8647827064299,4625.953712209331,3.37461389161763,0.020981950976050795,72.92622772794532,11760.0,0.0,10,6.0
65,13.068039718757996,405.0844485970743,4749.115404324793,3.276781403179778,0.06775180692019035,86.07739647497738,10141.0,0.0,11,6.0
66,13.78283794676136,406.13680471564425,4102.449774617075,3.196000821710144,0.02438805585026522,82.51606757294306,8970.0,0.002417988974328491,12,6.0
67,27.086729168428796,425.76077916263375,4418.46358455687,3.1993775233574704,0.050912110040311806,87.57412017057025,10253.0,0.0,13,6.0
68,12.908173711858383,471.24532330271757,7729.442132078139,3.2934815160875126,0.06550717875343981,133.77275306637205,19355.0,0.0,1,7.0
69,12.945567933539014,471.8699855057095,7569.975770295387,3.2836025794550845,0.08770972263344766,135.0646390585869,19128.0,0.0,2,7.0
70,12.759718481495227,472.1647025256149,7190.3167697215995,3.2524119336317883,0.0977031181039592,131.75702617699108,19050.0,0.0,3,7.0
71,12.805061282362757,472.07313426860884,7377.182200262045,3.2695415797234033,0.09218149018075403,133.3982031674104,19053.0,0.0010057504411020639,4,7.0
72,19.1850627096251,488.9480048561249,5718.206773964948,3.3146237729509354,0.06760936523688667,98.32946453097942,12503.0,0.0,5,7.0
73,15.91821187586059,13.768428340474946,4919.516480730696,3.3063168599246553,0.009715418683296699,83.70083335994379,10312.0,0.0018582834168893454,4,8.0
74,620.019007326182,455.80604054744236,5748.43358774686,3.221014383208377,0.1231753850660432,111.14190347072935,11976.0,0.0,9,9.0
75,621.1096333435792,446.34274747383614,7161.841737735749,3.2759825455458498,0.023629164597456967,123.97458713750703,18126.0,0.0,10,9.0
76,624.0395692502843,439.23412831516106,6754.513796009683,3.290044840763803,0.08889279284923104,117.8440546978857,18023.0,0.0,11,9.0
77,623.136067552977,442.23228101343864,4845.094382773562,3.3570705800112957,0.10749731328659508,78.36431574537359,18093.0,0.0011987678627247546,12,9.0
78,621.2328173767208,445.09609188391056,5882.509458574072,3.3717516918042145,0.05841520464290053,91.8722364979602,18536.0,0.0,13,9.0
79,629.1620191572263,438.9157310075848,7430.818160320034,3.345520593795765,0.0331930674651267,122.9551649018789,18342.0,0.0,14,9.0
80,633.2086031953281,432.2103948047619,4525.371614947549,3.1475222378225833,0.06334844635611582,96.46870346157661,11288.0,0.0,15,9.0
81,178.14996028113035,325.9547173928908,3222.3669158721436,3.1582196309274657,0.09010699780325208,68.5506540642686,6722.0,0.0,10,10.0
82,16.923449693260153,229.8888849005456,4395.506832589023,3.3517721772575815,0.04783349512994852,71.95387802490605,10356.0,0.0,10,11.0
83,14.963945069387364,229.7753273948132,4924.344390005997,3.360598442477554,0.04926614740834147,78.39191464685439,12018.0,0.0,11,11.0
84,18.223238833432475,228.98669388444793,3916.139911354895,3.3149062179043907,0.030447975943729208,65.90906026266521,10830.0,0.0020027093861908294,12,11.0
85,20.07659329235266,230.1829008112857,4681.185945068581,3.2969629086448857,0.024388118008513718,81.66421022040907,10672.0,0.0,13,11.0
86,15.055914208321846,284.89485518601737,5415.7196244281295,3.361544136010666,0.03653384298185141,86.52400493095182,10586.0,0.0,14,11.0
87,13.17758633164135,284.2128533559348,4942.9904038645445,3.3344938207871055,0.04136416046980759,81.6273644674879,9749.0,0.0,15,11.0
88,13.210617649173841,284.89124145683894,4967.478736465073,3.246617913699947,0.05176827132370908,93.096587283431,10221.0,0.0,16,11.0
89,40.83994725904752,122.97389679100127,4689.156442906884,3.241274125631914,0.02262473928210191,89.45617267961292,11119.0,0.0,10,12.0
90,18.68062032928854,149.21454961807243,4821.358933509149,3.225001956519355,0.04415874709029757,90.17632011664296,10367.0,0.0,11,12.0
91,15.182402409147146,210.9044265802814,4560.1804136066075,3.348163210143308,0.13419726820524328,76.80740881003504,12739.0,0.0017025927718707554,12,12.0
92,19.079100753425465,209.92862670520347,4961.638035430775,3.348774917613298,0.09931324608825909,81.12694567948533,11918.0,0.0,13,12.0
93,17.271716264671543,202.69295790753287,4098.270859450996,3.185256752195449,0.05091756199411335,80.80284563448296,8642.0,0.0,15,12.0
94,13.337301305548825,217.9045809952387,3882.8195085631774,3.2538701245206276,0.0705701681972746,70.10295469266634,8349.0,0.0,17,12.0
95,111.76905821748917,332.047535666186,3315.7124873639136,3.1212778419373235,0.028093839999683384,73.41240257946495,6787.0,0.0,10,13.0
96,101.00717888189727,298.13795447587876,3326.620294845279,3.2502829866794065,0.07036353961683252,62.04681932548519,8199.0,0.0,14,13.0
97,110.97735461287786,258.14332418081204,3880.5978875376945,3.334068051752573,0.07297005211602953,64.72472839088687,9498.0,0.0,15,13.0
98,130.69834838768168,248.41270880297506,3188.9460169045265,3.207194503288558,0.049420653895662386,57.79746460513009,8908.0,0.0,16,13.0
99,134.07470743083138,247.8569361710127,4961.836608494893,3.385299962944807,0.014163115078421083,77.36587342208672,10957.0,0.0,17,13.0
100,134.03134736969753,247.17427807073088,5873.384878582991,3.351247070227406,0.024193367186645123,94.48601932738487,12350.0,0.0,18,13.0
101,135.18233269570092,243.84362027385092,4523.631533199988,3.3675170104081116,0.038603131701609866,70.99648000861357,11322.0,0.0,19,13.0
102,137.89688837247357,242.89127601587955,4611.446944909298,3.332265778965087,0.024663319799630608,77.7347706402284,10368.0,0.0,20,13.0
103,136.18651503437414,236.8744525026512,4189.441514328358,3.2379683476120853,0.09355178015390506,80.71367576205799,9756.0,0.0,21,13.0
104,137.92518761369857,237.06112771423486,3854.414562868294,3.2302437100159276,0.15520398304027608,75.75329467095158,8390.0,0.0,22,13.0
105,31.005639656782773,326.22368647340795,5005.656271246166,3.1649639637754,0.08197860229778486,104.52759307672162,10782.0,0.0,10,14.0
106,25.972045105521772,339.802122530722,8057.97151405934,3.3483078579396883,0.08436083905037357,130.65319107809066,19230.0,0.0,11,14.0
107,15.152229057025952,385.1614796434178,4737.667804235202,3.291877162424512,0.037443639363839945,83.55400552983542,10931.0,0.0019842047233047822,12,14.0
108,14.823340952955917,382.98992800998417,4510.3358210548295,3.3256273841955024,0.06953084181637155,75.21703572932414,9625.0,0.0,13,14.0
109,11.17724193034516,380.16827086291534,4844.205802384211,3.31919248883043,0.05454645749703117,81.97010993458593,11144.0,0.0,14,14.0
110,22.944849085867723,384.08745937459673,3691.3708153630637,3.244744552377797,0.09929559382192316,70.49636022192136,8171.0,0.0,15,14.0
111,20.189110319672054,373.19170716375055,4159.865841781309,3.298694824011757,0.041482998615779046,71.76195269764474,10427.0,0.0,16,14.0
112,21.086111555159423,375.7345408649331,4109.233105475978,3.2857226385548306,0.1177826659760435,73.26074544458825,8538.0,0.0,17,14.0
113,24.890496732664758,377.98161306404523,3559.2213894662145,3.21352050667531,0.059629716109540404,70.6785183945005,7306.0,0.0,18,14.0
114,30.966262999196452,380.9203896860089,3552.497394287502,3.1855022671707993,0.016321262206135435,73.0440504634009,7937.0,0.0,21,14.0
115,9.973648539713075,375.96955743755336,4933.99531196984,3.3793737328984013,0.09408627097923399,78.30582358260246,11072.0,0.00532462177930221,25,14.0
116,20.488349900455304,280.79638721884845,4164.109328891033,3.2731500761236862,0.045382060489486294,70.61091312637525,11614.0,0.0022864877425192555,28,14.0
117,24.062029023400363,276.7073568923586,5061.169963743565,3.3472518746406488,0.0355060889406338,81.90136334987936,12323.0,0.0015030551189125683,29,14.0
118,57.918067747224896,287.6986916128405,3363.9722230614993,3.23033728691482,0.10574763904212536,62.96983278399041,7449.0,0.0,30,14.0
119,12.161699444811156,327.00669129325314,4212.5784310788,3.2382674413640338,0.04925373102293251,80.34890740477276,9781.0,0.0,31,14.0
120,23.271148269602904,260.02754881074577,4457.650001095274,3.2295538818801437,0.06491245408197098,85.20180858017925,10030.0,0.0,33,14.0
121,13.235543458797284,295.7083618104005,4579.549745346033,3.3431761148922465,0.02737464336031268,71.50200932147922,12357.0,0.0006990403173466784,36,14.0
122,35.0451627785889,281.73203847615605,3549.503235198927,3.183625916864828,0.04994665584983255,71.39345372502576,7794.0,0.002647920575347793,40,14.0
123,73.05665037492547,318.1896722044682,5300.278231267065,3.285936187472548,0.057154031637054147,94.31792119480927,12183.0,0.0,10,15.0
124,75.22400641145745,315.09528641830735,5109.820684791365,3.3505538003554736,0.08209974527294464,83.00320374372818,11670.0,0.0,11,15.0
125,26.80785003609246,339.1200510978564,7946.971966946396,3.329457464968786,0.07599542300052277,132.33708950377658,19307.0,0.0011233906661792178,12,15.0
126,26.063508669856553,339.1746012237472,8346.404643250362,3.3439076990416963,0.07827669820761282,137.00245793555467,19283.0,0.0,13,15.0
127,26.83384992664227,338.98294716887807,8528.306854444212,3.3185461623565464,0.06009300167210076,145.1554030091626,19201.0,0.0,14,15.0
128,7.122538213396709,317.0386936291562,5296.420011533196,3.340213104404099,0.0911383311824764,86.89014813120228,12993.0,0.0,16,15.0
129,845.7270350120164,254.88852863294926,3159.6503600261103,3.1068324806430887,0.02151836996409149,70.49535347034714,6349.0,0.0,10,16.0
130,936.7345095594177,237.89405701822233,3368.802867993906,3.1334331079225377,0.017024402303343567,72.7558946395642,7109.0,0.0,11,16.0
131,940.282121753783,228.2183805140416,3950.391863932343,3.1610934537651176,0.01634979835964762,81.4781296160507,8725.0,0.0024858870046818022,12,16.0
132,941.0395024965848,227.83895815688376,3777.506987234843,3.1412488242405945,0.03526013016690125,81.66421022040907,8209.0,0.0,13,16.0
133,941.6481680779519,227.82019483885463,3310.112425483453,3.1190756396868133,0.044657043130196056,72.29308306730843,7098.0,0.0,14,16.0
134,312.0794041991426,325.75808148527415,3285.0834717181765,3.1487939061630748,0.0768290772287969,70.49535347034714,6900.0,0.0,10,17.0
135,578.7340052742059,257.1246550190889,3089.641181407283,3.1323042096328564,0.07012035539388155,67.0921295097097,6506.0,0.0,10,18.0
136,817.8522022069308,550.0059201388559,6009.6073396342135,3.213287476470104,0.07169824012003968,119.11283862231068,13269.0,0.0,10,19.0
137,817.8481789591651,550.0000476645321,6034.640331442164,3.2128858401712894,0.07152341025601502,119.89351651871849,13307.0,0.0,11,19.0
138,817.8344715702455,549.9805668839736,5681.672376028809,3.209711355519499,0.08124838626644183,112.61626832282165,12506.0,0.0017343139876827742,12,19.0
139,818.6955014216903,548.8756615752613,5038.46686478287,3.1264152265663547,0.013459812152262322,109.06470180752001,10923.0,0.0,13,19.0
140,648.0273870146808,415.6210700858608,3107.14347606199,3.212010008221006,0.06203003518121111,59.31333188539552,7132.0,0.0,10,20.0
141,650.176658946803,413.81125251355644,4748.090673414377,3.2910996645902575,0.021609892405154985,83.00320374372818,12406.0,0.0,11,20.0
142,650.3345173284598,414.04161394864894,3751.1077762090085,3.232975503032731,0.04104300279894351,70.06081209023466,11629.0,0.0018651076223226916,12,20.0
143,651.0005076697262,412.8866472637704,3753.3300828932747,3.271168590126917,0.03713316457252244,68.23259669731547,11254.0,0.0,13,20.0
144,639.2129074045895,403.7871444759534,3051.1096475651434,3.259572584379096,0.07572941203405152,56.35445058002783,9021.0,0.0,14,20.0
145,640.039527234344,402.9039105335432,3486.477885361339,3.2638857545498885,0.03966064237717137,64.3124689743844,7965.0,0.0,15,20.0
146,647.9160745430487,461.0029614110677,3064.360089128262,3.1745207675742355,0.026435365542649573,63.68890554907224,6526.0,0.0,10,21.0
147,625.7800483780892,455.0111490085003,6782.181530590926,3.318628642084386,0.11516376634218552,116.30695833226109,18684.0,0.0,11,21.0
148,626.7843668724549,455.74189867890055,5738.758963657889,3.273495285964372,0.11093942862072348,100.67998181855945,18788.0,0.0011544233005340468,12,21.0
149,629.9723920843387,455.9159130972899,3815.652769640429,3.142490478818054,0.04670390238419692,83.81326838410405,13541.0,0.0,13,21.0
150,631.6181999641648,455.3590854947365,3516.7454109435553,2.99254496173559,0.06658303858023726,86.52400493095182,9019.0,0.0,14,21.0
151,712.9124350147746,457.7648817367245,3365.788497070436,3.1508833471581466,0.08303891960947182,71.95387802490605,7194.0,0.0,10,22.0
152,626.9768040351192,421.9365812174937,4497.117376556627,3.2793374413216543,0.03629964744090061,80.70502535225948,10382.0,0.0,10,23.0
153,629.1792197155032,418.88568731767253,3169.4927059179167,3.237076071657174,0.026055119840186956,60.97148916977564,8171.0,0.0,11,23.0
154,656.0464114828786,440.90373641030817,3129.901909008928,3.1613861612621967,0.05423314950424412,66.42802924111139,6823.0,0.0031788648540026715,12,23.0
155,646.906856116735,394.0323649166897,3838.3504527475216,3.216979178489064,0.09403810862585092,75.3571019855435,8650.0,0.0,10,24.0
156,651.2916099031652,397.0716313038354,3758.2006139521372,3.185901115357644,0.07193515912806309,74.80535646039701,9167.0,0.0,11,24.0
157,652.9436966921548,396.1340102356199,3593.341206761369,3.3507847619753313,0.07592965744959455,58.643494564418646,10400.0,0.0020855140702637043,12,24.0
158,653.6374071372917,396.75512995833924,3630.8337675626613,3.3068171937149344,0.08392338364712443,61.78542220623054,10574.0,0.0,13,24.0
159,655.0256734149128,396.78704459069104,3714.270606410925,3.2615253935421546,0.10366925733302203,69.44689869457976,9743.0,0.0,14,24.0
160,658.8687055630016,394.7228418782506,3062.675205196806,3.217012925548238,0.03504995368546667,61.01439364236469,6248.0,0.0,15,24.0
161,378.926858164604,325.0272441842187,3462.051117671324,3.161522637858609,0.07718028352117749,73.41240257946495,7186.0,0.0,10,25.0
162,645.2780843198206,256.2146629183664,3008.9361560550237,3.1180262306031614,0.06450410614566271,65.63360495515079,6057.0,0.0,10,26.0
163,245.7639991479278,458.97195743453835,3185.9038020081707,3.1347478822164114,0.06629225427771025,70.0091786188275,6650.0,0.0,10,27.0
164,712.1031222121579,323.8667162644847,3060.470690316105,3.147221627309694,0.0790571076220882,66.11977980667042,6560.0,0.0,10,28.0
165,178.9661774648507,459.9032210289019,3260.288554290675,3.149709202205041,0.07827235011656233,70.49535347034714,6948.0,0.0,10,29.0
166,512.7664946619212,458.12632973435973,3403.223960637448,3.138880601197094,0.0647291181405551,73.41240257946495,7166.0,0.0,10,30.0
167,779.7320339732188,390.22940935852665,3124.159595865177,3.1242054701128974,0.07171164870675908,68.06447921274896,6650.0,0.0,10,31.0
168,311.2028822251558,258.0876584659935,3439.6870745014207,3.1445954533725042,0.07272107310719535,74.38475228250422,7176.0,0.0,10,32.0
169,445.0717832057405,257.9856526675383,3493.1663081685806,3.157630957497078,0.07565621426716587,74.87092713402386,7428.0,0.0,10,33.0
170,828.8984014617474,530.1327556532088,3500.458930941375,3.193134997320206,0.07426321274397277,71.46770317338641,7500.0,0.0,10,34.0
171,833.2596876482395,525.8411091410611,3494.3324045199147,3.2133792884769927,0.09673245107899453,68.65697099789863,7280.0,0.0,11,34.0
172,579.1204891329223,324.7871747068233,3046.8577944735553,3.131575577496829,0.06351169953041298,66.60595465819006,6488.0,0.0,10,35.0
173,378.75265615963406,257.8226283191155,3322.5189352851885,3.137633957931592,0.0708243542085227,71.46770317338641,6904.0,0.0,10,36.0
174,512.0663430047993,257.7804311926149,3474.691663810834,3.153238511498293,0.08326875341697602,73.89857743098459,7475.0,0.0,10,37.0
175,445.9016210372909,392.26488245621556,3592.8321527301055,3.155423623044303,0.08002981947970352,76.32945168858276,7579.0,0.0,10,38.0
176,244.99169431834892,258.88352799621015,3455.244669750049,3.1565325537318794,0.08283439062878875,73.89857743098459,7476.0,0.0,10,39.0
177,512.1846581597352,324.1165416222471,3326.894508948865,3.1409017452315964,0.0662628919946584,71.95387802490605,6920.0,0.0,10,40.0
178,445.888740907157,458.85570504898385,3262.2332536967538,3.1370342055128084,0.06605442962092618,70.98152832186678,6952.0,0.0,10,41.0
179,21.978499433346858,58.980099800811594,5276.941838394123,3.3011854971181034,0.04141085353820495,92.37322178873073,11932.0,0.0,10,42.0
180,46.79162608727955,115.07510338877428,4668.674027857106,3.252270092573538,0.04880593580835111,87.10212738539377,10233.0,0.0,11,42.0
181,50.00718391610881,105.9552834159229,5385.341089336038,3.3334923350340193,0.04177745217374292,89.7816332711896,12047.0,0.0018003929331183476,12,42.0
182,50.90005141309981,104.85117965254595,4912.20969766579,3.255801072123463,0.09212736851955694,91.33497195703646,11127.0,0.0,13,42.0
183,51.10362584258944,104.07647955449623,4407.6011196076315,3.229861157940664,0.0935009048597026,85.38553118186036,10202.0,0.0,14,42.0
184,52.023374357141705,103.9957408531707,3678.590773451487,3.2189864568303137,0.12185801760151405,72.96991672093615,8053.0,0.0,15,42.0
185,19.974130034779662,103.22173244778682,5479.897868970958,3.2671023353593447,0.03623542737905374,98.91512398864545,12038.0,0.0,16,42.0
186,6.244434744394323,147.90808906981434,3355.4489185018274,3.3185767246762476,0.0836103455974734,56.92388716174206,11037.0,0.0,20,42.0
187,37.81196403762874,171.1756438873183,3701.355651914281,3.2630057990278196,0.04231618722659779,67.37075796555939,8849.0,0.0,22,42.0
188,47.9659973733974,142.8260042948476,4802.640012676984,3.236080338323961,0.031325255531164276,92.08761585326948,9965.0,0.0,24,42.0
189,20.96170143575359,213.89058834064843,4729.6717443891885,3.3363826598640833,0.057668228889799236,79.39846298142947,11294.0,0.005219954980002478,25,42.0
190,11.088916511611048,258.2329565091719,6025.235173034242,3.275962072187825,0.05441264686540149,108.35989626375144,11870.0,0.001315750209502634,26,42.0
191,21.763104638294607,213.97229813412986,3932.131888220055,3.2647112574146595,0.0209478426200745,71.2717368920427,8961.0,0.0,27,42.0
192,46.8649329640371,200.89735988008042,4520.065712870569,3.316377446767362,0.03127103092780848,76.41454982169377,9929.0,0.0026745188432604323,28,42.0
193,39.75288302013009,157.88545657180694,3624.1353282321616,3.3204466685424787,0.07289789568023775,60.59029431496177,10085.0,0.0018366045545163022,29,42.0
194,50.180152495331214,145.84419277532982,4862.872635804115,3.2828259332143137,0.052242090985994444,86.62901851207928,10072.0,0.0,30,42.0
195,41.80923570168269,124.81925169314567,3403.0414162766597,3.2029065118716282,0.003737029115749177,67.56866153166061,7809.0,0.0,32,42.0
196,46.22438436360588,151.9252922102238,4354.796821813225,3.2012425485345983,0.036293957647303,86.55960632647692,9130.0,0.0,33,42.0
197,41.199017758886434,156.42203284928195,3403.2113871377114,3.2453892058816756,0.044732337004134204,59.25349122192836,9413.0,0.0,34,42.0
198,44.98914023845826,163.14895504854778,4550.46998078945,3.278217621456215,0.034887672088703504,82.44968538983967,11581.0,0.0007458804741371438,36,42.0
199,48.270685539403814,139.9906996569964,3430.2167148655776,3.1742825536782906,0.04349246506251161,69.99055499824772,7495.0,0.0,38,42.0
200,50.05942709244594,138.69493799526242,4373.535339138918,3.272520781476165,0.03499235499292757,77.02013200831658,11359.0,0.0,39,42.0
201,53.07037914710953,138.7367182098158,4300.944964388843,3.3444051121998255,0.05208521457457023,69.92582529284405,8915.0,0.0,41,42.0
202,48.15923472499466,127.71427203514669,4429.815041919191,3.3452076613148027,0.03728604703774364,70.17172487199369,10569.0,0.0,44,42.0
203,33.20212329935954,121.11321336958812,5350.78102961133,3.3234457328774094,0.05292583862758776,90.61290759402904,12758.0,0.0,45,42.0
204,40.099980220125836,119.74374982664519,4460.704081712083,3.291901791606627,0.08413864638370658,77.82427071952526,10243.0,0.0,46,42.0
205,31.050419650432048,62.89768166526373,4641.935070473598,3.292229653249373,0.1372006975892976,83.70378445976813,10513.0,0.0,49,42.0
206,11.014455894719301,72.8261668882772,5020.499890811944,3.2854646292758853,0.08370155571055812,88.95519376647407,12075.0,0.0,50,42.0
207,40.08153428926413,53.79965871707562,3983.186855763839,3.306911122238507,0.047651543337318504,67.93181592031766,9179.0,0.0,51,42.0
208,45.830370343767505,53.90194127006044,4928.619029910415,3.3232762631522004,0.028228085781410093,83.2777169694321,11358.0,0.0,52,42.0
209,38.173853801107825,61.76771931172238,4656.054254519706,3.2829174624619735,0.07238740205352324,82.17703729945494,10247.0,0.0,55,42.0
210,8.860451528515222,71.9104314627523,3345.199379315459,3.1805327454218073,0.0632096033852457,68.492300414896,7567.0,0.0,58,42.0
211,55.868256820393604,105.78842273159259,4697.864012053712,3.203378279360739,0.05569275809373604,92.59200209257199,10684.0,0.0,61,42.0
212,50.191264968002514,96.17980612396236,5091.580534152164,3.2401264942344774,0.011821112622769105,95.43204970296227,12028.0,0.0,63,42.0
213,245.1734747261785,325.1933786368282,3154.788611510914,3.126722055959846,0.05542076963911908,69.52300376730787,6459.0,0.0,10,43.0
214,177.17172171820815,124.81070565217055,3003.5882326883075,3.124714295777507,0.05664551490031387,66.60595465819006,6217.0,0.0,10,44.0
215,185.8944212247719,39.845097199067865,3642.1242907353103,3.181146368843424,0.07824720658599897,75.76947085314268,8008.0,0.0027084632870863685,12,44.0
216,178.9787506815923,393.1242451781971,3332.7286071671006,3.1588621242096964,0.08233283862136845,70.98152832186678,7137.0,0.0,10,45.0
217,244.216294568235,124.77087748368436,3106.6573012104705,3.1213836665396038,0.06566943071997429,68.5506540642686,6603.0,0.0,10,46.0
218,252.73684459337022,38.848481347224904,3584.5187341277842,3.147707782277739,0.07008628630981463,76.28843983158886,7900.0,0.0027454905883278918,12,46.0
219,244.35270633089806,191.2151213316689,3123.187246162138,3.1278038480028716,0.07829068042879408,67.0921295097097,6406.0,0.0,10,47.0
220,379.12945396322135,391.9714490783519,3463.5096422258825,3.1547224922913415,0.07583862922806225,73.89857743098459,7306.0,0.0,10,48.0
221,445.17141026735624,325.2998666361239,3543.7284927266223,3.1561762875991373,0.07437767468644374,74.87092713402386,7316.0,0.0,10,49.0
222,479.79055655042964,157.70758875049393,3922.4587020604185,3.0938870110083956,0.04461417011080252,87.99764812505401,8322.0,0.0,10,50.0
223,310.9437123142529,191.20553100511975,3427.5327032134296,3.1503686601785925,0.07842046133431643,73.41240257946495,7312.0,0.0,10,51.0
224,512.3206703493591,391.1809278199877,3304.530465778962,3.1205960582422523,0.0677134199878418,71.46770317338641,6767.0,0.0,10,52.0
225,177.71708293354263,191.90950440879993,3059.012165761546,3.119112381278345,0.060571714847216095,67.0921295097097,6372.0,0.0,10,53.0
226,379.21896928955465,458.8354712477716,3129.9936940834127,3.145039042830113,0.07651420660644828,67.57830436122933,6536.0,0.0,10,54.0
227,245.71839386694296,392.0381556935001,3024.007576452132,3.1141467479625393,0.06581756919915308,67.0921295097097,6226.0,0.0,10,55.0
228,312.74498188276755,459.0853815237602,3074.0835861586547,3.124973509297809,0.07002698653683571,67.57830436122933,6400.0,0.0,10,56.0
229,444.783547257851,190.78215549230973,3276.332324390823,3.143805635605052,0.0605897250244949,70.98152832186678,6816.0,0.0,10,57.0
230,779.7300415165054,457.2231290141701,3160.62270972915,3.1280176938636606,0.07384039441301998,68.5506540642686,6720.0,0.0,10,58.0
231,936.0854662897107,277.76741407485895,3624.9855955980056,3.1555660622374675,0.019540184862883826,76.3424528260216,7897.0,0.0,11,59.0
232,940.1409224051488,268.0226190210945,4230.116143314835,3.2008579085542848,0.023549212412187683,85.11091246517397,9622.0,0.002254141947767665,12,59.0
233,940.8932030928312,267.86298106577544,4127.803467917124,3.187367686422422,0.05358531955228405,85.42506200687528,9107.0,0.0,13,59.0
234,941.1978526529745,267.1435980755036,3672.1470776945407,3.1581818409792946,0.06508996107534068,77.41621493822005,7844.0,0.0,14,59.0
235,47.61941585125872,581.4120459413494,3190.499689581453,3.111776664020865,0.05230080708953121,64.55804735623303,10353.0,0.0,11,60.0
236,52.66690672013567,572.9379769022914,4847.170258687347,3.2387509158079264,0.030707732014084797,90.3006022496358,10443.0,0.0020769267403314886,12,60.0
237,52.007792812467336,573.0563308841771,4639.279310876528,3.2636156375300964,0.012790432650674264,85.96232654779902,10407.0,0.0,13,60.0
238,51.80488646308719,570.9487537395557,4097.936259854751,3.255819583649008,0.1001432039882092,77.41621493822005,10243.0,0.0,14,60.0
239,53.79366439979283,571.1128631468611,3261.3842439509936,3.1741872255809573,0.03540427784828461,67.61054430640411,6922.0,0.0,15,60.0
240,519.8805365218665,37.86728758311042,3067.625631595386,3.1476656459634573,0.05933989440260514,66.94699821955757,6337.0,0.0034226614689340322,12,61.0
241,7.885327692666902,542.4213640623582,3690.3884057308055,3.2057596527942667,0.05397348722778706,67.98493617644993,13279.0,0.001633355391614102,12,62.0
242,15.2989152402641,543.0788995859466,4127.803467917124,3.377618102731266,0.006827845335025873,63.934480369925524,11828.0,0.0,13,62.0
243,21.890604764908968,544.8630094177333,5756.1232754064795,3.342021246589888,0.027282987179443434,93.92408430004639,11955.0,0.0,14,62.0
244,7.96616981419375,574.9972715446078,5138.830824574101,3.332193638059914,0.05903942613775392,86.14885042206633,10943.0,0.001982028852580596,12,63.0
245,10.088021022401591,573.1823952985626,4854.72239178695,3.3048584568930313,0.06068529361127185,84.35053292502779,10293.0,0.0,13,63.0
246,10.0758723351351,572.9241169066113,4677.4193981423105,3.2890634564185683,0.0679440692202595,83.10858368367741,10344.0,0.0,14,63.0
247,13.066390233339995,571.1324494647818,4557.115590018238,3.317292990453571,0.10579395894211935,77.91702971896572,9687.0,0.0,15,63.0
248,17.01507894955304,568.7027130346179,3226.9604567119272,3.1788269058972003,0.05135066845012182,65.9434159924303,6906.0,0.0,16,63.0
249,5.441747355716366,540.3038015368593,3155.215658057222,3.258928885041884,0.08430099471669647,56.79718400689086,13397.0,0.0,19,63.0
250,35.8645737972539,547.2030852844836,3713.194305306984,3.228396432156865,0.09622782717055947,72.67883021108389,9133.0,0.0,21,63.0
251,385.96286447942,37.6635899291763,3041.158213694631,3.1132492381935353,0.052010285572739366,67.98493617644993,6296.0,0.003444950241221778,12,64.0
252,652.9618427472575,36.251533966771255,3746.437055402993,3.1670706673074216,0.08963022830195774,77.8453467669274,8418.0,0.0025765464650824824,12,65.0
253,318.82862358145815,38.19382569169899,3202.0385970129473,3.1409874671898583,0.07321502934401226,69.54184311178848,6754.0,0.0032113408856217635,12,66.0
254,940.0939825337749,308.09995817095614,3403.9175296285125,3.133265103023372,0.009608194413917706,74.21256391780413,7257.0,0.0029887538175377374,12,67.0
255,44.90959525116919,554.0930301445939,4456.609366962455,3.316388516268541,0.06722908561091878,76.82882935209537,9614.0,0.0,13,68.0
256,45.11566952958237,528.959075467476,4993.345863515194,3.2693703506547074,0.0416183984137072,91.64713680186344,10686.0,0.0,14,68.0
257,47.255753070124456,527.2112264785931,3180.581398316511,3.1799966168965894,0.026974892058036062,64.3124689743844,7255.0,0.0,15,68.0
258,49.11100265820555,521.7989603735224,3397.46706999278,3.2178977133895534,0.053226567679822034,66.62938486555224,7255.0,0.0,17,68.0
259,56.190130851178814,551.0711011864561,4055.9799814761695,3.250060218028334,0.037272187686795084,75.2864314074653,9454.0,0.0,20,68.0
260,55.14745757527611,558.2096204633274,3182.529278690377,3.170341818811734,0.04739172335752741,66.4700859216948,6782.0,0.0,21,68.0
261,53.832315749088814,545.2125404757337,3983.87818531824,3.1957636390865534,0.0293500617536354,79.16840221759283,8880.0,0.0,22,68.0
262,59.103445337421064,546.0180287020152,3088.8944546714088,3.2054217036534918,0.04785014759802821,61.6164116009567,7305.0,0.0021379839901388086,26,68.0
263,45.203096242596054,574.9459231196365,5348.703819400758,3.2915917249796807,0.0456538063397081,94.16732076409785,12051.0,0.0,27,68.0
264,13.163522567463868,552.984900724314,5999.274865378663,3.292564880510794,0.020310503010669664,106.55534517458794,11709.0,0.00158187294274744,29,68.0
265,56.27062857809222,537.1696356009767,3449.263810733459,3.241763804593573,0.07699033229405446,64.3611146048435,8221.0,0.0,31,68.0
266,61.065721540086976,533.1857099724153,4080.3963936063933,3.270505726527209,0.04761467976600783,73.82501908088844,9688.0,0.0,32,68.0
267,33.17326627011909,578.7027556400864,4457.811042782711,3.3590199941335293,0.04812700412709073,70.39310604262576,12293.0,0.0,35,68.0
268,5.30740729127541,37.20587574413517,3005.5706976014844,3.1494648415054245,0.05394897055378775,61.47758245093945,12172.0,0.0,14,69.0
269,5.1075147050824246,27.48616614673641,3192.9491808115845,3.080352783867362,0.03487790941888093,69.25958197241397,11739.0,0.0,15,69.0
270,19.339142345674077,32.99075273164948,3234.1373265319135,3.1463356816080537,0.04809046326377647,67.36410196166125,9480.0,0.0,19,69.0
271,7.118141478104926,24.16555357665089,3574.0453891742054,3.2487007889092205,0.022764114398194188,65.7396454170608,11428.0,0.0,21,69.0
272,12.87665512482838,56.786915928436414,4963.409874262713,3.3271551110076087,0.038716619556906355,82.33307606529625,12929.0,0.0,23,69.0
273,6.786456552816772,46.93378192971501,3959.767481690588,3.2323885306867264,0.031101223281528943,74.39234849322946,10354.0,0.0,24,69.0
274,7.815065840806812,64.03571801014266,3687.6359991248432,3.272307631379697,0.05582729957391532,67.99052314588326,11083.0,0.0014091813623660341,26,69.0
275,8.145190290501596,133.74429648959588,4248.8421558243535,3.331610163047419,0.07058630187993527,69.36544038816312,9963.0,0.0018590944011876171,29,69.0
276,28.06833334490642,163.82606178615967,4874.156247459049,3.3016516460651557,0.03809091125007281,85.17306862111998,10303.0,0.0,30,69.0
277,22.213488109556423,157.94580020658054,4982.0422025010375,3.3159796774253114,0.027164006698075827,84.44834145603669,11471.0,0.0,31,69.0
278,17.79250500669264,164.0567247052862,4017.832818114115,3.2942639262417286,0.11302454001617089,70.4882950546336,9889.0,0.0,32,69.0
279,18.201182660070693,158.34831088805868,3535.0264324860022,3.186989828579136,0.06487879363658919,68.90823562460712,9387.0,0.0,33,69.0
280,20.16402800410196,41.27640304934381,3990.25889232735,3.25091481795995,0.07239134766675542,74.20669497044354,12314.0,0.0,15,70.0
281,16.825185349397795,29.987334863161962,5399.6020624389985,3.3305771651282248,0.06158502713208259,91.15707504835953,11123.0,0.0,16,70.0
282,19.358758781815013,34.184340044524,4004.3944525121706,3.24796042229862,0.05672759665063027,71.3660709934351,10702.0,0.0,17,70.0
283,49.14209970450378,5.197531041892578,3464.958440606429,3.0904438871175888,0.01566318859481603,77.93101991643165,9959.0,0.0,19,70.0
284,47.99347019416016,15.208434648701466,5108.700889410258,3.333212989916076,0.06470214409886585,84.00065803291102,10635.0,0.0,21,70.0
285,48.125781214473896,46.77417244829434,4991.658042619843,3.3324222357336217,0.038263996457802325,83.36654563933763,10750.0,0.0,23,70.0
286,48.97524142611104,42.08667939760454,5331.716053142872,3.318107402945551,0.0693014796695586,92.87434890029594,12311.0,0.004788725811281548,25,70.0
287,45.26285609173339,32.19357273976463,4763.389296219993,3.3034737758181785,0.10727703612399772,82.35024521723068,12518.0,0.0,27,70.0
288,48.18795234880823,33.88575673038721,4742.538452857779,3.3118041569639796,0.06464999964762588,82.21818651701228,10901.0,0.002436040711914536,28,70.0
289,11.042997086764444,60.881738560103564,4172.3730257578845,3.286868609769309,0.12023902596143478,75.21553777029736,9265.0,0.0019991539312499812,29,70.0
290,10.200667588517192,131.77590395111554,4339.458650004241,3.3379141481760524,0.06418574704142344,70.61356971152682,10542.0,0.0,30,70.0
291,33.09472417544863,98.2171914833712,5420.681645986277,3.222367095983646,0.05199202616717287,104.53556830722987,11311.0,0.0,31,70.0
292,13.85104656143816,118.1824467636412,5031.362741089024,3.413453106059927,0.01564762135839018,74.2421095841703,11149.0,0.0,32,70.0
293,6.891658053435148,109.97023675904848,3414.861331938658,3.29773402532546,0.048682897690568244,59.40365140052337,10880.0,0.0,33,70.0
294,9.736665821441546,107.99003448682654,3939.4984200086424,3.3317725682985153,0.04012248859917938,64.83534184428393,10932.0,0.0,34,70.0
295,10.725686271816963,102.29365101986194,5500.299422747312,3.2949749478655797,0.03552158159069241,92.18144838915279,11693.0,0.0,35,70.0
296,6.95623595419979,105.63662065078384,3807.7385825266206,3.1951923678778456,0.056549525083115185,73.21258370716053,9188.0,0.0009401441154803463,36,70.0
297,14.916761977492962,67.84420190609401,3778.130930002498,3.3099615290424462,0.11492429299849073,65.91343528961193,11026.0,0.0,38,70.0
298,19.136167856467647,64.80616006021914,3932.8593681580005,3.2845611440835687,0.16114091114101556,70.37525787426574,8978.0,0.0,39,70.0
299,29.772449073628827,55.83949268012195,3146.045786357676,3.290256221963769,0.08735732604671108,55.09712410433759,7371.0,0.0,42,70.0
300,30.134868918269166,47.94490505066691,3422.4557881177407,3.209542257772092,0.09225847014180102,68.46173543708976,7100.0,0.0,43,70.0
301,11.33123344389193,50.776559475187746,3913.578640857892,3.3208463750665094,0.05655653341728371,65.13698780738933,12248.0,0.0,15,71.0
302,19.209355824849492,49.772624760607165,4998.466981217187,3.332927934578725,0.020571224194658535,80.52366417400863,12662.0,0.0,17,71.0
303,15.92920528260251,55.02683702847857,4829.946751758918,3.382318745858065,0.0670589925299737,75.88640922356895,13237.0,0.0,18,71.0
304,18.87943170684494,45.9639528838949,5261.9949252895685,3.358984038133296,0.02185762891859145,83.87491126599,12274.0,0.0,19,71.0
305,13.763773624199384,57.96027528565897,5447.625283560438,3.3227338852180743,0.033865343866842514,92.76594408851913,13022.0,0.0,21,71.0
306,25.14402934213327,99.9717255990318,5254.503804284367,3.329872107574513,0.05380892610838402,87.84491379351692,12669.0,0.0,23,71.0
307,45.1850723716216,128.08343072430264,4617.129886310006,3.30169041255269,0.02869672875419362,80.12688924731415,9882.0,0.0059658431766022296,25,71.0
308,8.1545529054184,134.9921916446138,3707.976736440418,3.3820118543332036,0.01608732232917507,58.34681051265671,10795.0,0.0,27,71.0
309,12.964354847183362,176.91565104204628,3832.6571887361765,3.202984012921052,0.07205283927635167,76.73697408254479,8686.0,0.0030572560618053932,28,71.0
310,28.291121326258946,165.1681828441441,4097.575352086311,3.2844760601968344,0.08277879934826672,72.70835317795412,10291.0,0.001799840246152619,29,71.0
311,38.1755768251961,220.92565910106114,5299.65760309191,3.3080612495492328,0.056340564160968304,92.81680554865639,12098.0,0.0,30,71.0
312,27.147180755281262,190.79539254195433,4574.558457805405,3.247697661753583,0.06487650986564714,86.08811507654225,9932.0,0.0,31,71.0
313,37.79462516880741,169.93692963715702,3995.309930936895,3.2926000604626235,0.0857935907911369,70.90538555791545,10526.0,0.0,32,71.0
314,36.98218349819586,169.8815037369323,3889.4116442696964,3.2916901885557377,0.0988657300651738,69.92658393433037,10329.0,0.0,33,71.0
315,40.22411213014829,169.72230493363574,3589.559323299428,3.282329083216111,0.052394107024473335,62.68847622030101,10730.0,0.0,34,71.0
316,45.22138396008759,174.89850535500761,4371.223366793721,3.2787915054288157,0.04842100773732164,78.1936416708344,10106.0,0.0,37,71.0
317,34.91802347860154,185.22518062512495,3580.55778681923,3.1607362962119607,0.0355253225070338,75.55540394217974,7908.0,0.0026097484888131387,40,71.0
318,41.89109358164609,191.65329944613325,4113.6562325329005,3.3332557339437856,0.017515097431226496,66.64128344048451,12321.0,0.0,42,71.0
319,54.8874061197255,462.03691274712827,4114.571362603372,3.241917670037373,0.08379851091152275,78.15713399583895,9482.0,0.0,21,72.0
320,52.18636168930425,442.0046596754382,4602.9255741252555,3.232803849776281,0.014613704288701707,88.13957817204556,10664.0,0.00552834693801464,25,72.0
321,51.85127240832006,448.9342225928359,5186.4020937219075,3.2691499282817538,0.016473602222779448,95.18673240423657,11891.0,0.0013134265356786227,26,72.0
322,7.824185563092704,362.8752994801567,3630.1747529217305,3.296815690015707,0.0727265256910588,62.872730865950565,9408.0,0.002822630595892594,28,72.0
323,26.20694481864425,369.93553190470425,4335.0908003313625,3.2808504764567523,0.04728316297150351,76.80135674810391,10133.0,0.0,30,72.0
324,38.982852189295095,388.7288747882572,5030.005580900825,3.2861741440917998,0.014628458815359811,87.72788869704782,11181.0,0.0,31,72.0
325,56.062207737756914,398.8147744774877,5818.829611285168,3.379853622304862,0.04948955856676967,90.09154870888081,12410.0,0.0,32,72.0
326,51.18432393325994,401.00656585002463,5175.246110013596,3.3813154213631895,0.03563561648915591,79.77061759498854,11542.0,0.0,33,72.0
327,52.080194236435304,397.10450882658427,5536.337071127132,3.4241090861666903,0.013583487406040934,81.58089371135064,13006.0,0.0,34,72.0
328,55.912222502494444,398.14756725927907,6341.245636006537,3.322407316883113,0.011148466123007301,106.84667881469981,13355.0,0.0,35,72.0
329,55.79764209317429,414.2257881132575,3460.4919822333122,3.133020601902046,0.03070011345043335,75.26527296997813,7280.0,0.0011865449353050017,36,72.0
330,60.15962516702085,412.2062247475004,3347.315280789983,3.1623739521755323,0.06267187497839681,69.99055499824772,7678.0,0.0,38,72.0
331,58.05779330669334,507.9567180697004,3534.2945470065283,3.2599412320057968,0.13204594286063845,65.60466349964825,7761.0,0.002386570194600515,29,73.0
332,56.088448005007905,537.847967474706,4451.202804135368,3.286146231211725,0.07843859349436239,79.34926905728271,10382.0,0.0,30,73.0
333,57.21002499798968,488.88271440531486,5312.046643627783,3.2599237641371004,0.019226909961054535,97.15658701495482,12173.0,0.0,31,73.0
334,58.94446085112141,487.7366046502627,3486.042426429749,3.157468915846137,0.028784479820838305,72.99083807432473,7136.0,0.0,32,73.0
335,32.9627298033529,565.3904207200186,3657.50846813143,3.2549828734882458,0.04822783629622827,67.0410533739293,11312.0,0.0,35,73.0
336,58.857470952386905,502.01243735078606,4926.112115885068,3.2903143442416707,0.07670332900261782,87.23929366974737,10539.0,0.0008196264036112388,36,73.0
337,50.01279265756723,497.84088626160457,5297.61922319903,3.3642002790289145,0.030207701396806005,84.48889248331682,11702.0,0.0,37,73.0
338,48.370010022541706,505.9607163700876,5328.455699211257,3.308347556241887,0.032434743384389,86.63879380851053,12356.0,0.0,38,73.0
339,54.71390766861807,499.98803745581296,3920.7777788233625,3.2464091912343553,0.0772272749245338,72.48953600782737,8658.0,0.0,39,73.0
340,51.37047330251457,474.9687836551057,4204.172936418598,3.336248517234122,0.02261016420720098,66.3789161828448,11746.0,0.0,42,73.0
341,48.39716502328894,473.8078112476669,4295.421787907729,3.2796459954249095,0.03986071557822031,71.61665412082661,12134.0,0.0,43,73.0
342,54.00280120578329,475.9291063405733,5767.396074479194,3.367536301585632,0.032127234035316504,91.76302483260713,12413.0,0.0,44,73.0
343,53.8009439693025,474.8396784254524,4927.210104701202,3.393747910644498,0.04002578592795298,74.97773922486324,10972.0,0.0,45,73.0
344,37.923166446775326,404.8800234571858,5380.744093339492,3.3669347617305148,0.04369817665696284,85.13835590727044,11349.0,0.0,47,73.0
345,37.90259860028039,405.75891351885184,4641.9628004412225,3.306653585043028,0.06447348850661129,79.306060520076,10701.0,0.0,48,73.0
346,35.247656423313245,407.9369575715587,4890.4100841848785,3.339383547869931,0.08244559668316132,79.74927495773184,11884.0,0.0,49,73.0
347,38.06156786240947,406.28948198686487,4987.323978382645,3.2445523393899713,0.05172268666041139,92.96546889529053,10573.0,0.0,50,73.0
348,60.32913538332377,346.9437857864055,4048.5430578104006,3.167943309330709,0.04612681867161714,82.09769222597632,8603.0,0.0,51,73.0
349,59.87299602581495,341.10669382821703,4788.130198437592,3.27373425507488,0.041116841582867034,86.32446271221622,11086.0,0.0,52,73.0
350,13.018001925991758,336.10675559163803,4593.239085830561,3.0967038619720957,0.03631391490473197,104.18750817352722,10705.0,0.0,57,73.0
351,43.07764897540474,286.90315486362954,3149.766982179047,3.2135741509306133,0.08397042703992502,61.760136905471505,7345.0,0.0,59,73.0
352,17.152677952862227,217.79129877670445,4996.52272778137,3.307601728793067,0.06684776002953358,85.32747973441333,12406.0,0.0,63,73.0
353,22.18936174603849,218.79078204844524,4818.229883572096,3.2903393872020645,0.07096505243109064,84.4409527865785,11029.0,0.0,64,73.0
354,35.74840908081729,218.95288838317924,3844.670587190601,3.220769810805571,0.06933543271091473,74.49385022223055,8727.0,0.0,66,73.0
355,37.23629133094902,292.9951588078032,4132.7940772986185,3.2219209345217013,0.09193049883772854,80.3371314004534,9038.0,0.0,67,73.0
356,60.05416885515007,306.1046696775784,3856.352693552927,3.2350309509628534,0.07617862125951161,73.42359977263655,8999.0,0.0,72,73.0
357,19.14625608321287,327.0385129919039,5172.249744121091,3.337644377276549,0.06620342065451934,86.29755802758916,11735.0,0.0,74,73.0
358,28.035056832578235,339.98431680639493,4099.066906832948,3.308644554265525,0.04957000202073403,71.6060749381708,10083.0,0.0,75,73.0
359,14.136031739709964,338.0838299142295,5959.706496126632,3.14812751245601,0.07118610221571829,126.82342956791216,13851.0,0.0,77,73.0
360,12.739396618794373,408.0840532265497,4382.045184314801,3.3442093521060423,0.08480952930173642,71.34154465700648,10231.0,0.0,30,74.0
361,11.054785851190337,488.7585344604274,4554.061287549085,3.404880718970193,0.037443048440091484,69.28043546636019,12893.0,0.0,31,74.0
362,12.06573301326252,405.4269392685837,3794.799676952194,3.1704964870907677,0.07665134861092687,74.28155058980873,8359.0,0.0,34,74.0
363,29.169250643945652,400.8221512099149,4073.027275676132,3.2133775327498912,0.046806206431411465,79.18762864122635,9636.0,0.0,37,74.0
364,30.87619774402265,400.8543855326336,4322.086651129656,3.279896865667327,0.026045564221843898,77.12551448836035,10239.0,0.0,38,74.0
365,12.789636533714091,368.1227015893569,3067.5155320645613,3.1861320709989362,0.03855606123393639,62.22018507338515,7239.0,0.0,39,74.0
366,15.25488715617561,375.00724109253736,4198.9275767635345,3.1689361107498653,0.035210878718389974,86.14050941872094,9110.0,0.0,41,74.0
367,38.034670514278965,388.2447821412082,4671.277746478718,3.2581932303206615,0.059959865445445695,85.64548984376665,10509.0,0.0,44,74.0
368,31.99133693849507,399.81566995064014,3034.2886978251527,3.1905190971292225,0.08722096334927781,62.18532874100032,8079.0,0.0,45,74.0
369,5.972365745894975,346.91062665791515,3773.799360077952,3.202946975322479,0.06210220037530576,74.4543269306718,11310.0,0.0,47,74.0
370,48.0247544707905,302.17572237667366,5077.293379962715,3.149011713738403,0.058975086675564524,108.72605071300742,11108.0,0.0,48,74.0
371,30.19287967507949,214.17446899339694,3407.6401480952177,3.2293322393823325,0.03835026616421672,65.25811345983139,7781.0,0.0,50,74.0
372,30.70622504261105,195.08399738093334,3307.750294749273,3.189604186163957,0.010869241826797896,65.67429712223507,7545.0,0.0,52,74.0
373,140.89389217642648,228.22641546437538,3897.741895941732,3.2267582599757008,0.08348478924128551,75.01964313812968,8483.0,0.0,31,75.0
374,142.14774758795645,226.81163653620794,5708.300627915476,3.2904926392788107,0.03779534064514619,100.5188112909272,12679.0,0.0,32,75.0
375,142.1999984307122,226.84077141136478,5062.548897070889,3.3230575598683516,0.027088972665790783,84.52290970703041,10678.0,0.0,33,75.0
376,142.11896160712917,226.8043236962996,6044.285477761489,3.2696420397320614,0.045137561600650196,109.49014682312848,13630.0,0.0,34,75.0
377,144.86088729474014,222.0289901856676,4799.720414989751,3.3243542675799653,0.07775195795097885,80.86827063230221,10665.0,0.0,35,75.0
378,6.156574539619071,40.88117127409396,3615.757572950406,3.1898804694155976,0.10297030060475051,73.40792857760658,9051.0,0.0,32,76.0
379,5.2268980153154985,64.71236306386558,3273.989815760274,3.149991565649014,0.040660986473049825,65.85319069543733,9632.0,0.0,33,76.0
380,25.010926558034505,18.754123569550202,4118.834716660781,3.367020350803711,0.057330929490853964,64.52701387240695,11150.0,0.0,35,76.0
381,25.295941142200554,16.847780895302936,4312.700141179746,3.218249761076786,0.012931358307846157,83.81814489838473,8894.0,0.0009712215550825205,36,76.0
382,23.208687257608645,24.861118012000993,3669.5622478737655,3.257059062243078,0.09930667642609219,67.56866153166061,8554.0,0.0,32,77.0
383,24.06164589246417,21.692054336733502,4328.659215196994,3.369706918663898,0.039778427214025934,66.53208956858617,10957.0,0.0,33,77.0
384,25.076098225523253,18.93071358654261,5522.167758008845,3.337610971157431,0.06749618511929249,92.74459495606177,11981.0,0.0,34,77.0
385,28.31416093693631,5.41882155537227,3368.39392545636,3.255794684824285,0.06739529608201804,58.24191511860108,9581.0,0.0,35,77.0
386,25.720082808659484,60.11790027374372,5509.34845785003,3.2123592615295036,0.020989746381966153,106.35807833687318,11863.0,0.0,32,78.0
387,33.8276067564837,57.85278169666019,3425.7237139090394,3.140882154030825,0.04061134342681852,74.67887604637224,6968.0,0.0,33,78.0
388,42.97705409904468,54.080237188900426,5484.812296151542,3.2304621019604784,0.015770058325423896,106.05516182475583,11679.0,0.0,34,78.0
389,50.058496041218795,32.23133227729921,5809.107274850973,3.280324811862601,0.0559378471702057,102.65661297882924,13265.0,0.0,35,78.0
390,17.34795985420377,140.80869799563584,4195.9344854963965,3.2517163297358005,0.09538932667143527,73.9999771732234,10299.0,0.0,33,79.0
391,14.165991136655904,145.94897513606193,5255.209112462307,3.3700393727949622,0.034256203456064775,83.82623450305552,12946.0,0.0,37,79.0
392,14.9153417575988,143.06622243629928,3641.887179738919,3.25138563327146,0.11196831175222755,68.63151509536912,7815.0,0.0,38,79.0
393,18.168485147350626,126.79423251336415,4425.433680901486,3.2510967882036077,0.03375773023584766,81.63825425955862,10237.0,0.0020160067663596176,40,79.0
394,19.294862308697155,137.78155229993422,3169.295134770352,3.2232699539960046,0.09179244300771454,60.1294536334601,7020.0,0.0,41,79.0
395,18.86192073554939,78.12174805396027,4985.087012172605,3.370653682364906,0.03727070270570696,80.45042643528981,11127.0,0.0,43,79.0
396,59.862524560173924,507.8347491880766,5068.6925542350145,3.336491579694818,0.024987622268739806,82.71515708425906,11064.0,0.0,49,80.0
397,8.690921320407554,447.83717692728925,3298.395517078931,3.2018479290956607,0.08420622290753146,64.39034684390299,7103.0,0.0,51,80.0
398,9.901766901736414,445.97837888796414,4440.801183760205,3.260083516449813,0.09117015542102265,82.60066235992453,9795.0,0.0,52,80.0
399,58.08517654295562,508.9379167226353,4440.462656455451,3.2948426991260824,0.0638557091372585,77.86128009337149,9826.0,0.0,52,81.0
400,53.98856033501129,498.00234108886093,3711.0113695163695,3.230214971721081,0.019198637304088412,72.1381231305591,8246.0,0.0,53,81.0
401,21.146757732598868,168.9597574763293,3182.156664685617,3.16993858588741,0.06088556877010732,66.35135173174265,6607.0,0.0,52,82.0
402,36.007189506731365,123.18573323109067,3337.723218959378,3.164681029267338,0.05271817809876028,69.58137842009822,7836.0,0.0,56,82.0
403,33.196072482719956,123.07659885639785,4343.189066214096,3.241691021261637,0.09181499229759083,82.53284961197059,9852.0,0.0,57,82.0
404,51.86086267014962,208.82935505270075,3884.8714705155876,3.224837117708024,0.036670077553572496,75.28248536982102,8768.0,0.0,58,82.0
405,52.86290685395144,149.98669214544896,4234.583786923654,3.2558895471493416,0.01721858288763623,78.74417455447617,10230.0,0.0,59,82.0
406,45.01906558179635,180.79315311571486,3963.186311491925,3.2445364883795578,0.09028664318296858,74.80477493933685,8773.0,0.0,60,82.0
407,42.84534980626207,218.60623385277296,4594.378833244366,3.2575502459177406,0.05597696339613341,80.2464018135624,10723.0,0.0,61,82.0
408,28.20925919160792,215.10901426475664,3919.277920034344,3.1639115571177605,0.038995982154225804,81.98653565289234,8473.0,0.0,62,82.0
409,40.194263572915055,186.13976385655192,3645.878541985327,3.2081040883224134,0.10321111387570707,72.60320644068503,7775.0,0.0,63,82.0
410,45.88190610212778,180.06731100000434,3356.891842890576,3.2081634460419206,0.09218257395052444,66.6064412066546,7201.0,0.0,64,82.0
411,47.16202454896593,187.7517251540564,4765.099409647969,3.286609778045674,0.07237468624964954,83.08929447864178,10793.0,0.0,66,82.0
412,30.169802223732475,190.95367181930774,6151.14556859297,3.3159400158354426,0.01880032021902756,104.7650360667384,13277.0,0.0,68,82.0
413,42.98042673549959,194.56065007574003,4676.067570923468,3.197097552015763,0.06927954847245012,87.34231105958719,10267.0,0.0,70,82.0
414,51.01937035251717,205.88801027904205,3529.5773319274567,3.235843377498161,0.059218297146994864,67.77563055935681,7747.0,0.0,72,82.0
415,16.159377600597633,215.2508568021346,3991.276911048361,3.1862082313316966,0.0711064167752628,80.7472759941075,8583.0,0.0,75,82.0
416,15.252297700360304,218.18089083324102,3724.374134839719,3.231157469996771,0.08314054385012258,70.77920736206055,8042.0,0.0,76,82.0
417,46.17256098927214,217.80594932066037,4241.870708959697,3.234131783784951,0.0677404394853928,80.57017878432066,9830.0,0.0,77,82.0
418,52.17376024776678,214.85018586733617,3228.347502438029,3.206744273252394,0.09827068407458249,63.95881703433575,7247.0,0.0,78,82.0
419,49.95963313536107,216.01845155231567,3537.6322521694005,3.267241343401946,0.1763363590921663,66.23806625326361,7369.0,0.0,79,82.0
420,14.076127239661673,202.12175079033898,5026.0687712480985,3.2789294124565704,0.022140067851391557,90.57579764440035,10893.0,0.0,83,82.0
421,12.005149142521194,202.20164401456583,3715.4379224842805,3.318929462368169,0.11771728966707233,63.298761305990155,8140.0,0.0,84,82.0
422,36.754480180208716,195.93330237998296,4792.1484296073195,3.3096817151435505,0.08786182114740836,82.67703996392837,11730.0,0.0,85,82.0
423,30.822082807999493,194.072689730303,3395.775724261569,3.12173639105516,0.0309244749827694,75.29324150520443,7101.0,0.0,86,82.0
424,22.156439174259415,221.7557189385182,3649.2350272632693,3.2138850612641705,0.13538062891058208,71.91305501948483,7967.0,0.0,88,82.0
425,23.153953851753332,239.03791964371894,4351.768502609958,3.2542824013721066,0.08537771942537717,81.24655314090937,9689.0,0.0,52,83.0
426,18.17600968545543,347.8500527683316,3743.4349359673993,3.2309236741258323,0.12844737547626353,72.78337052206464,7839.0,0.0,52,84.0
427,6.078406193129328,349.9281516753827,3821.842946883034,3.187380907483546,0.09692753160335299,77.62990805086342,9650.0,0.0,57,84.0
428,19.743066532845862,347.9157707877221,3356.0458394433217,3.198097060248825,0.09901870674513845,67.31854922696394,7732.0,0.0,59,84.0
429,28.67931449703711,337.7962839476846,3943.391606991077,3.259643411978868,0.06285181645105742,70.73348173975026,8909.0,0.0,62,84.0
430,57.08521363873865,480.8630119120375,3910.6504413215703,3.228802020625248,0.03375647124388006,75.1629193457349,9225.0,0.0,61,85.0
431,60.9949546423524,451.13770249128856,4854.626845980104,3.2362956040459485,0.05213662313389081,92.81225414042034,10678.0,0.0,64,85.0
432,59.23701920283129,456.8793379984593,4980.3201685489785,3.3780293658845912,0.010279478924539228,76.32559907326097,11476.0,0.0,65,85.0
433,61.1114043921008,465.058474550693,5002.548557231329,3.2721292604216012,0.0719439764118759,91.32659522436919,10984.0,0.0,66,85.0
434,61.136400099162415,450.9747216562421,3414.1705607322097,3.1323869967644975,0.032829747443668865,74.98132264042317,7213.0,0.0,67,85.0
435,35.79568428714935,389.1509728213053,3045.33524561094,3.164606452732289,0.0446700694371386,63.7085092434636,6654.0,0.0,70,85.0
436,41.71110993504182,385.7263019857049,4137.540875099782,3.215798680646252,0.07305058352708037,79.4749953582934,9241.0,0.0,72,85.0
437,10.794957413226191,343.91314827827443,7546.553337386645,3.2349290136911355,0.06070180583765197,142.89530712360545,18033.0,0.0,74,85.0
438,15.852251080307127,355.00749947044716,4472.142269312416,3.2675749820539997,0.10472106338440089,80.57017878432066,11051.0,0.0,77,85.0
439,62.890124610001,377.99413716934913,4541.530189242429,3.2459293487500607,0.012209622299931928,85.56895213956105,11103.0,0.0,80,85.0
440,15.218594676545543,74.14485173886125,4935.460306940112,3.2596123753843944,0.01954786694028168,89.9746780337871,11796.0,0.0,68,86.0
441,13.811528543835387,62.17253701534392,4832.2410883331895,3.1419232033786573,0.06532827588533353,102.87372495616658,10745.0,0.0,72,86.0
442,7.942421364678835,42.124650397316216,4388.068652345976,3.3417135930506108,0.06424027280054154,72.21332065550517,11035.0,0.0,72,87.0
443,5.20210051071661,39.17174669055479,4009.3583471078655,3.203519673776665,0.04992566128120036,78.55781957323103,11142.0,0.0,73,87.0
444,5.239226620271137,39.26732470818736,3734.3306928302222,3.1758438868681034,0.057367031473885284,75.65045671249699,8788.0,0.0,74,87.0
445,9.108324381474077,75.68466788122926,5255.457550520801,3.2860054799656937,0.05993858220634535,89.12294176915637,13102.0,0.0,78,87.0
446,15.178971475464152,74.68574183066698,3095.582680342944,3.135875115040038,0.06101758904439755,65.77064556609399,6353.0,0.0,80,87.0
447,42.225860249212346,29.966878696060707,3454.3748428170775,3.1714618892708915,0.013242693564499267,71.48040305296439,8048.0,0.0,81,87.0
448,13.973040334134398,77.35708494424631,3274.8427527850367,3.1576297432452587,0.14767720823083927,67.07759846130037,7749.0,0.0,85,87.0
449,5.269648031177602,59.06926627758016,5821.835136788323,3.1542114009162407,0.07345548169352284,120.26705690093057,15363.0,0.0,86,87.0
450,21.838976838144347,75.90044928151917,3793.277983247736,3.2708305506640283,0.11966863737475944,69.82501160240906,8803.0,0.0,87,87.0
451,60.99337613376382,426.82870810029794,4809.64921148007,3.229311320092906,0.01569901406550964,92.38463927436136,11612.0,0.0,72,88.0
452,48.12100511190375,170.08110255830064,3594.5289778801734,3.232637295348369,0.13882350668597948,69.79276242124243,8323.0,0.0,72,89.0
453,29.94984805303296,135.75553815483184,4490.727043998981,3.2506457607566204,0.012715875398600623,82.43721807067455,10120.0,0.0,73,89.0
454,45.1309135466509,156.88205007414393,5196.772800300013,3.2550841994801103,0.08361363224367888,97.12526121932743,12246.0,0.0,75,89.0
455,31.21866376786474,12.805345117651292,4118.04776728115,3.2430097325112937,0.06648850214288553,76.50871014831341,10046.0,0.0,80,90.0
456,29.185326189768606,9.043613817971032,4926.0121537401255,3.3711664200539806,0.035783021339874196,78.2296256588237,11290.0,0.0,81,90.0
457,34.181744798034785,12.967537468123613,3766.5011511932303,3.2596317831990573,0.07489680731989264,69.62866416951383,9225.0,0.0,82,90.0
458,6.865352889539066,59.83682957925165,6976.59022135866,3.230343576828502,0.07335121829505631,132.59525277233794,18283.0,0.0,85,90.0
459,15.295516045964863,36.00896012151308,4604.51017849277,3.2053819151740206,0.07983848421475655,90.45295455994358,10989.0,0.0,86,90.0
460,57.21911564877279,344.7907805159552,5415.606108329019,3.322583080877391,0.03548749612666173,89.4367979484005,12234.0,0.0,85,91.0
461,58.941721442301336,346.0793164085774,4748.022128744301,3.2368540824058734,0.04821355869609418,90.95827832843489,10956.0,0.0,86,91.0
462,30.855071837552938,20.839887238062857,6853.706272047568,3.2422185498697975,0.11055033391387896,128.85756096528274,15121.0,0.0,86,92.0
463,62.01639841385261,507.87830146447607,3365.8129868923584,3.1987246096863857,0.045788247310906124,67.6828753124563,7952.0,0.0,88,93.0
